,Theme,Action,Brief Description of Activity
226,Energy Saved,Use LED bulbs/ tube-lights,BPCL Retail Outlets (Northern Region) - February-2023.
272,Energy Saved,Use LED bulbs/ tube-lights,"IOCL- DIGBOI REFINERY has put up the display of LiFE standee on various themes of Save energy at different locations of refinery installations ( Refinery Main Gate, Bazar Gate,CPP Building Entrance,Technical Building,Admin Ofice ( HR Building, Entrance Gate), ETP,NTF) and township (Hospital, Guest House, Clubs). Then  IOCL- DIGBOI REFINERY has senstize the working personnel around this places regarding the concept of Mission LiFE . Total 10 Numbers of standees on five different themes on Save energy has been displayed."
271,Energy Saved,Use LED bulbs/ tube-lights,"IOCL- DIGBOI REFINERY has put up the display of LiFE standee on various themes of Save energy at different locations of refinery installations ( Refinery Main Gate, Bazar Gate,CPP Building Entrance,Technical Building,Admin Ofice ( HR Building, Entrance Gate), ETP,NTF) and township (Hospital, Guest House, Clubs). Then  IOCL- DIGBOI REFINERY has senstize the working personnel around this places regarding the concept of Mission LiFE . Total 10 Numbers of standees on five different themes on Save energy has been displayed."
269,Energy Saved,Use LED bulbs/ tube-lights,"BPCL developed creatives on seven themes of Mission LiFE. These creatives were posted on social media such as Twitter, Facebook, Linkedin, Instagram & Koo, which received huge response through likes, comments & shares."
253,Energy Saved,Prefer CNG/ EV vehicle over petrol/ diesel vehicles,BPCL has Sold 4649 number of High Performance domestic Cooking Stove through our distributors in the month of January-2023.
244,Energy Saved,Switch off vehicle engines at red lights and railway crossings,Banners were placed at 20 Retail Outlets under Coimbatore DO. Awarness camapign was conducted
551,Energy Saved,Use LED bulbs/ tube-lights,https://www.facebook.com/profile/100064593915988/search/?q=mission%20life
218,Energy Saved,Use LED bulbs/ tube-lights,"Banners were placed at 20 ROs under IOCL, Coimbatore DO. Awarness messages were spread among public to use LED bulbs."
274,Energy Saved,Use public transport wherever possible,"IOCL- DIGBOI REFINERY has completed the activity of"" Display of LiFE logo and creatives on the themes of â€œSave Energyâ€œ and â€œConserve Waterâ€ of Mission LiFE"" by putting up 5 Numbers of banners at various locations around Digboi Refinery (Refinery Main Gate, Centenary Park, Bihutali Auditorium, New Market Public Parking, Digboi Refinery Museum)"
217,Energy Saved,Use public transport wherever possible,Banners on usage of public transport were displayed in six Retail Outlets under IOCL Coimbatore DO to create awareness among public. Phamplets were distributed.
209,Energy Saved,Use bicycles for local or short commute,Banners were placed at prominent places 10 Retail Outlets in Coimbatore District for creating awareness among public for saving energy
195,Energy Saved,Use LED bulbs/ tube-lights,BPCL Retail Outlets (Northern Region) - January-2023.
187,Energy Saved,Prefer CNG/ EV vehicle over petrol/ diesel vehicles,"An awareness meeting on  alternate Fuels CNG/EVs is conducted in Vellore  RSA of IOCL Chennai Divisional Office . The program was attended virtually by 30 participants. During the meeting the advantages of CNG/EV vehicles including less cost, increased economy through increased mileage were briefed"
186,Energy Saved,Use LED bulbs/ tube-lights,"An awareness meeting on use of LED bulbs/Tubes is conducted in Vellore II RSA of IOCL Chennai Divisional Office . The program was attended by 30 participants. During the meeting the advantages of LED lights including less power consumption, increased illumination were briefed"
184,Energy Saved,Use LED bulbs/ tube-lights,40 LED bulbs were distributed among people of Karnawas village panchayat area by IOCL Rewari Terminal officers.
172,Energy Saved,Use LED bulbs/ tube-lights,At IOCL Haldia Refinery
170,Energy Saved,Switch off vehicle engines at red lights and railway crossings,IOCL- GUJARAT REFINERY has performed the Activity â€œEnergy Conservation- Use of Digital Banners â€ under â€œLifestyle for the Environment (LiFe)â€ has been completed at different Locations in Gujarat Refinery from 11.03.2023 to 25.03.2023 in Gujarat Refinery -Main Admin Building & in Gujarat Refinery Township.
210,Energy Saved,Switch off vehicle engines at red lights and railway crossings,BPCL Retail Outlets (Western Region) - January-2023.
275,Energy Saved,Use LED bulbs/ tube-lights,"IOCL -DIGBOI REFINERY conducts Monthly Safety Day at 1st of every month for creating awareness among contract workers regarding work place safety and  gifts are distributed to workers for safety quiz . This year on 01.03.2023 , Digboi refinery has distributed the monthly safety day gifts with #chooseLIFE logo and and creatives on the themes of â€œSave Energyâ€œ and â€œConserve Waterâ€ ."
293,Energy Saved,Use bicycles for local or short commute,"Poster displayed for creating awareness for usage of cycle, thereby saving fuel/energy."
317,Energy Saved,Use bicycles for local or short commute,"Digital campaign on the Embassy Social Media handles: Facebook, Instagram and Twitter"
532,Energy Saved,Use LED bulbs/ tube-lights,"Digital campaign on the Embassy Social Media handles: Facebook, Instagram and Twitter"
520,Energy Saved,Use bicycles for local or short commute,"On the occasion of World Environment Day and to create awareness on  Mission LiFE, High Commission of India organised a Bike Rally on 4 June 2023 in Lilongwe. Number of riders including kids participated  at the rally."
514,Energy Saved,Use LED bulbs/ tube-lights,"As part of #MissionLiFE, entries were invited for the â€œPoster Creation Online Contestâ€ from 1 to 5 May 2023, under the theme: Invest in our Planet. "
510,Energy Saved,Keep temperature of Air Conditioners to 24 degrees,Embassy of India organized plantation of 75 trees for clean environment. The Mission provided two earthen pots for drinking water for Embassy members and visitor. Mission has started using manure for its garden at Embassy and Embassy residence. The Mission also issue circular to all members of the Embassy on LiFE. The Mission is planning to screen the documentary on â€˜Save Energy Save Environmentâ€™ in Chancery
500,Energy Saved,Use bicycles for local or short commute,"#10Days10Steps Social Media Campaign was started on 1st June 2023, in the lead-up and after World Environment Day on June 5th, promoting various sustainable lifestyle changes that benefit the environment. "
499,Energy Saved,Use LED bulbs/ tube-lights,Word Environment Day celebrated at Govt Girls College Taranagar (Churu). Lecture was given on MISSION LIFE by Mr. Hira Lal Assistant Professor Hindi and the Programme Officer NSS Unit. Students brought various charts and diagrams. Planted trees in college campus. 
498,Energy Saved,Use LED bulbs/ tube-lights,Save Nature Save Life
497,Energy Saved,Use LED bulbs/ tube-lights,"Besides taking Environment Day Pledge as part of promotion of Mission LiFE on June 05, 2023 by officials of CGI, Phuentsholing and observing cleanliness and Environment friendly measures regularly, CGI Phuentsholing also organized ""India-Bhutan Friendship Tree Plantation Driveâ€ on June 05, 2023 in collaboration with Phuentsholing Thromde (i.e. Phuentsholing Municipality) to promote awareness about a clean and green environment."
494,Energy Saved,Use LED bulbs/ tube-lights,"SSG PAREEK PG GIRLS COLLEGE, CHOMU"
493,Energy Saved,"Plant medicinal plants such as neem, tulsi, giloy, mint, curry leaves, ashwagandha, curry leaves etc. within household premises",Information given to the students regarding the importance of celebrating 5th June as World Environment Day. A brief Lecture was delivered by Dr. Ashutosh Birla on Planting trees to reduce the impact of pollution and Described the relevance of trees in Indian culture. Oath was taken by the students to save guard the environment.
412,Energy Saved,Use LED bulbs/ tube-lights,"YOU WANT TO CHANGE THE WORLD, START WITH YOURSELF"
400,Energy Saved,Use LED bulbs/ tube-lights,"Digital campaign on the Embassy Social Media handles: Facebook, Instagram and Twitter."
375,Energy Saved,Use LED bulbs/ tube-lights,"Ambassador Mr. Sanjay Rana launched a week-long campaign on Mission LiFE and briefed regarding the activities planned during the week on the main themes, viz, Save Energy, Save Water, Say No to Single Use Plastic, Reduce waste, Reduce E-waste, Adopt healthy lifestyles and Adopt sustainable Food Systems."
355,Energy Saved,Use LED bulbs/ tube-lights,"On 10 May 2023, Awareness camp was conducted at Indian Oil Ahmednagar Depot outside Maingate on all the themes of Mission-Life activities. Shri S.P.Kashyapi, CDM, P.S.Jagtap, Sr.Mgr and Vikas Pable, DSO emphasised on following activities for the contract Labours, TT Drivers, Security Personnels etc. Approx 150 participants were present in the awareness camp activity."
354,Energy Saved,Prefer CNG/ EV vehicle over petrol/ diesel vehicles,test by sahil test by sahil test by sahil test by sahil test by sahil 
352,Energy Saved,Take the stairs instead of an elevator wherever possible,TESTING TESTING TESTING TESTING TESTING TESTING TESTING TESTING TESTING TESTING TESTING 
350,Energy Saved,Use LED bulbs/ tube-lights,test test
114,Energy Saved,Switch off appliances from plug points when not in use,#LifestyleForEnvironment 
109,Energy Saved,Use LED bulbs/ tube-lights,#LifestyleForEnvironment
579,Energy Saved,Use LED bulbs/ tube-lights,"Effective measures were taken to implement the action points planned for promotion and observance of Mission LiFE one-week focused campaign from 10-14 July in Embassy of India, Moscow. Posters (standies) were installed in all the 3 Embassy buildings and digital publicity was done by sharing Mission LiFE content on Mission website and social media handles to encourage adoption of healthy lifestyle, energy saving, water saving and waste reduction practices, and reduce use of single-use plastic. Mission LiFE videos were played on loop in visitor hall of the Consular Wing. Embassy was declared a plastic free zone. Flushes, taps and water pipes of the Embassy were checked for any leakage. Bins were installed at various locations in the Embassy. Trees were planted by the Ambassador in JNCC premises on 14 July 2023."
103,Energy Saved,Keep your electronic devices in energy-saving mode,#LifestyleForEnvironment
97,Energy Saved,Use bicycles for local or short commute,#LifestyleForEnvironment
84,Energy Saved,Use bicycles for local or short commute,"The banners were displayed during the Green Energy Summit ofanised by Indian Oil Corporation Ltd at Hyatt Rgenecy Delhi. There were more than 500 participants present physically and 1000 participants joined online. The summit was attended by OMCs, Banks, Media houses, Financers, Bio Energy entrepreneurs. "
100,Energy Saved,Switch off vehicle engines at red lights and railway crossings,#LifestyleForEnvironment
56,Energy Saved,Use LED bulbs/ tube-lights,Street lights were replaced with LED lights for more efficiency in IWST. 
106,Energy Saved,Use public transport wherever possible,#LifestyleForEnvironment 
86,Energy Saved,Use LED bulbs/ tube-lights,#LifestyleForEnvironment 
52,Energy Saved,Use LED bulbs/ tube-lights,"Use of 40 LED Tube lights in Board room and 124 LED bulbs at ICFRE Headquarter, Dehradn "
24,Energy Saved,Use public transport wherever possible,"à¤¹à¤¿à¤®à¤¾à¤²à¤¯à¤¨ à¤µà¤¨ à¤…à¤¨à¥à¤¸à¤‚à¤§à¤¾à¤¨ à¤¸à¤‚à¤¸à¥à¤¥à¤¾à¤¨, à¤¶à¤¿à¤®à¤²à¤¾ à¤¨à¥‡  à¤à¤¨à¤µà¤¾à¤¯à¤°à¤®à¥‡à¤‚à¤Ÿ à¤«à¥‰à¤° à¤²à¤¾à¤‡à¤« à¤•à¥‡ à¤¬à¤¾à¤°à¥‡ à¤®à¥‡à¤‚ à¤­à¥€ à¤²à¥‹à¤—à¥‹à¤‚ à¤•à¥‹ à¤œà¤¾à¤—à¤°à¥‚à¤• à¤•à¤¿à¤¯à¤¾ à¤‰à¤¨à¥à¤¹à¥‹à¤‚à¤¨à¥‡ à¤•à¤¹à¤¾ à¤•à¤¿ à¤¹à¤®à¥‡à¤‚ à¤…à¤ªà¤¨à¤¾ à¤œà¥€à¤µà¤¨ à¤¶à¥ˆà¤²à¥€ à¤à¤¸à¥€ à¤¬à¤¨à¤¾à¤¨à¥€ à¤šà¤¾à¤¹à¤¿à¤ à¤•à¥€ à¤¹à¤®à¤¾à¤°à¥‡ à¤•à¤¾à¤°à¥à¤¯à¥‹à¤‚ à¤¸à¥‡ à¤•à¤¾à¤°à¥à¤¬à¤¨ à¤•à¤¾ à¤‰à¤¤à¥à¤¸à¤°à¥à¤œà¤¨ à¤•à¤® à¤¸à¥‡ à¤•à¤® à¤¹à¥‹ à¤”à¤° à¤•à¤¾à¤°à¥à¤¬à¤¨ à¤•à¤¾ à¤«à¤¿à¤•à¥à¤¸à¥‡à¤¶à¤¨ à¤¹à¥‹ à¤‰à¤¨à¥à¤¹à¥‹à¤‚à¤¨à¥‡ à¤•à¤¹à¤¾ à¤•à¥€ à¤…à¤—à¤° à¤¸à¤­à¥€ à¤•à¤°à¥à¤®à¤šà¤¾à¤°à¥€ à¤”à¤° à¤…à¤§à¤¿à¤•à¤¾à¤°à¥€ à¤¦à¥‡à¤¶à¤µà¤¾à¤¸à¥€ à¤®à¤¿à¤²à¤•à¤° à¤¦à¥‡à¤¶ à¤•à¥€ à¤‰à¤¨à¥à¤¨à¤¤à¤¿ à¤®à¥‡à¤‚ à¤¯à¥‹à¤—à¤¦à¤¾à¤¨ à¤¦à¥‡à¤‚ à¤¤à¤­à¥€ à¤­à¤¾à¤°à¤¤à¤µà¤°à¥à¤· à¤à¤• à¤µà¤¿à¤•à¤¸à¤¿à¤¤ à¤°à¤¾à¤·à¥à¤Ÿà¥à¤° à¤à¤• à¤µà¤¿à¤•à¤¸à¤¿à¤¤ à¤¦à¥‡à¤¶ à¤¬à¤¨ à¤ªà¤¾à¤à¤—à¤¾ à¥¤"
30,LiFEStyles Adopted,Encourage use of millets in food and indigenous herbs and medicinal plants for nutrition and well being,"A lecture on â€œDiseases in daily life and their protectionsâ€ delivered by Chief Guest Dr. D.S. Mertiya of AFRI Dispensary. During this program he provided detailed information about communicable and non-communicable diseases in human caused by the current lifestyle. To get rid of these diseases, the Dr. Mertiya told Yoga, Pranayama to be useful. He also answered various queries of the audience. Sh. M.R. Baloch, Director AFRI also expressed his views on the subject. Dr. Tarun Kant, GCR, Smt. Bhawana Sharma, HoD, Extension Division, all Scientist/Officers/Staff are present in this program. The coordination of program was done Smt. Kusum Parihar. "
550,LiFEStyles Adopted,Start biodiversity conservation at community level,"IOCL Paradip Refinery released fauna such as turtles and fishes in Ecopark pond and Ducks in Raw water pond on the occasion of world environment day at Paradip Refinery, Odisha as a part of biodiversity conservation."
549,LiFEStyles Adopted,Plant trees to reduce the impact of pollution,"IOCL Paradip Refinery planted saplings on the occasion of world environment day at Ecopark, Paradip Refinery, Odisha for ecosystem restoration."
539,LiFEStyles Adopted,Encourage use of millets in food and indigenous herbs and medicinal plants for nutrition and well being,Bicycle Rally
69,LiFEStyles Adopted,Encourage use of millets in food and indigenous herbs and medicinal plants for nutrition and well being,"A mega event was organized by the ICFRE-CEC (Coastal Ecosystem Centre), Visakhapatnam and Indira Gandhi Zoological Park (IGZP), on the occasion of World Wetlands Day, at Kondakarla Ava wetland on 2nd February 2023. In the event, ICFRE- CEC put up a stall on â€œThe Mangroves of Visakhapatnamâ€ to create awareness amongst the public and students"
65,LiFEStyles Adopted,Encourage use of millets in food and indigenous herbs and medicinal plants for nutrition and well being,"Seminar on Eco-friendly lifestyle cum awareness programme on first aid treatment through naturopathy  at ICFRE-Institute of Forest Productivity, Ranchi"
245,LiFEStyles Adopted,Encourage use of millets in food and indigenous herbs and medicinal plants for nutrition and well being,"BPCL conducted various  programs  on stress management & wellness, such as:"
61,LiFEStyles Adopted,Encourage use of millets in food and indigenous herbs and medicinal plants for nutrition and well being,Awareness Program on Mission LiFE at  FRI Campus
60,LiFEStyles Adopted,Encourage use of millets in food and indigenous herbs and medicinal plants for nutrition and well being,"Awareness Programme was conducted By ICFRE-TFRI on Practice natural or organic farming at Village Jhalwara, Katni district (MP)"
525,LiFEStyles Adopted,Plant trees to reduce the impact of pollution,"To mark World Environment Day and to raise awareness on Mission LiFE, High Commission of India in association with Indian Country Club, Lilongwe organised a tree planting event on 4 June 2023 at the Indian Country Club, Lilongwe."
276,LiFEStyles Adopted,Initiate and/or join green clubs in your residential area/ school/ office,"BPCL Conducted LiFE events such as nukkad natak, drawing competitions, poster competitions, distribution of seed balls, discussions and talks at schools, Anganwadis, slum areas etc and received huge response from the different stakeholders."
277,LiFEStyles Adopted,Initiate and/or join green clubs in your residential area/ school/ office,"BPCL Conducted LiFE events such as nukkad natak, drawing competitions, poster competitions, distribution of seed balls, discussions and talks at schools, Anganwadis, slum areas etc and received huge response from the different stakeholders."
278,LiFEStyles Adopted,Initiate and/or join green clubs in your residential area/ school/ office,BPCL organized various awareness sessions for its stakeholders.
282,LiFEStyles Adopted,Initiate and/or join green clubs in your residential area/ school/ office,BPCL organized various awareness sessions for its stakeholders.
28,LiFEStyles Adopted,Encourage use of millets in food and indigenous herbs and medicinal plants for nutrition and well being,"Preparation of organic manure from cow dung by ICFRE-SDC, Chhindwara"
324,LiFEStyles Adopted,Encourage use of millets in food and indigenous herbs and medicinal plants for nutrition and well being,"Digital campaign on the Embassy Social Media handles: Facebook, Instagram and Twitter"
43,LiFEStyles Adopted,Encourage use of millets in food and indigenous herbs and medicinal plants for nutrition and well being,"Awareness creation on LiFE Mission to school students, college students and general public in and around Coimbatore district."
36,LiFEStyles Adopted,Encourage use of millets in food and indigenous herbs and medicinal plants for nutrition and well being,"Awareness creation on LiFE Mission to school students, college students and general public in and around Coimbatore district. Awareness on LiFE Mission was also created to the Visitors of Gass Forest Museum, IFGTB and visitors of the Central Library, Coimbatore.  Awareness materials pertaining to theme of Mission LiFE were released during the activities and disseminated widely. In addition, documentaries pertaining to the theme were telecasted"
382,LiFEStyles Adopted,Prefer consuming natural or organic products,"Special Yoga session was organized under the theme ""Adopt Healthy Lifestyle"" with yoga teachers of Bulgaria Yoga Federation. "
395,LiFEStyles Adopted,Plant trees to reduce the impact of pollution,Tree plantation drive with students and teachers of the 79 Indira Gandhi School. Students from Erazmus+ project Beli(e)ve in a Green World were very excited to be part of such initiative and planted the beautiful trees gift from the Indian Embassy and Sofia Municipality. 
35,LiFEStyles Adopted,Encourage use of millets in food and indigenous herbs and medicinal plants for nutrition and well being,Awareness & Promotion of Mission LiFE and Encourage use of millets in food and indigenous herbsand medicinal plantsfor nutrition and well being.
29,LiFEStyles Adopted,Encourage use of millets in food and indigenous herbs and medicinal plants for nutrition and well being,"Head, Extension Division, RFRI delivered a presentation on 26-01-2023 on LiFE (Lifestyle for Environment) for sensitizing all the Scientists, Officers, Supporting & Ministerial Staff, Family Members and Children on various activities of LiFE Programme. He spoke about the aims and objectives, modus operandi and possible impact of LiFE Programme. He appealed to all for little change in our behavior and mindset to the environment friendly lifestyle. He elucidated seventy five actions to be followed by ourselves in our daily life for better world. He also mentioned about the Sustainable Development Goals (SDGs) and informed that Mission LiFE contributes directly and indirectly to almost all the SDGs."
181,LiFEStyles Adopted,Plant trees to reduce the impact of pollution,50 No. of Tree plantation was done by IOCL Rewari Terminal Marketing Division at Government school Karnawas open vaccant area.
1,LiFEStyles Adopted,Encourage use of millets in food and indigenous herbs and medicinal plants for nutrition and well being,"Distribution of pamphlets, kits and  digital repositories on â€œAchhi Adatâ€ in all SAGY GPs"
158,LiFEStyles Adopted,Initiate and/or join green clubs in your residential area/ school/ office,Awareness Camp on LPG Safety and Mission Life for stakeholders majorly women and at villages along the ROU of HPCL Palanpur Vadodara pipeline
160,LiFEStyles Adopted,Plant trees to reduce the impact of pollution,HPCL Locations carried out plantation of carbon sequestering and pollution reducing trees and seed bombing for biodiversity preservation.
159,LiFEStyles Adopted,Initiate and/or join green clubs in your residential area/ school/ office,"HPCL Lubes SBU organised Nukkad Natak at various public places in Mumbai (Chembur, Lower Parel, Bandra) in local dialect for spreading awareness on Environment protection through Mission LiFE."
157,LiFEStyles Adopted,Plant trees to reduce the impact of pollution,Distribution of 100 seed balls to workmen at HPCL Mumbai Pune Solapur Pipeline - Talegaon
156,LiFEStyles Adopted,Initiate and/or join green clubs in your residential area/ school/ office,HPCL organised Poster making competition for primary school students at Purnea
141,LiFEStyles Adopted,Plant trees to reduce the impact of pollution,An awareness programme was organized by GGM Science College on the topic of Air Pollution 
162,LiFEStyles Adopted,Initiate and/or join green clubs in your residential area/ school/ office,"HPCL Locations organised awareness sessions for Creating awareness about Stress management & wellness. (Session on healthy lifestyle, stress management etc.)"
151,LiFEStyles Adopted,"Plant medicinal plants such as neem, tulsi, giloy, mint, curry leaves, ashwagandha, curry leaves etc. within household premises","HPCL Mumbai LPG RO participated in Plant, Flower, Fruit & Vegetable Exhibition organized by BMC at Byculla from 3rd to 5th"
171,LiFEStyles Adopted,Initiate and/or join green clubs in your residential area/ school/ office,IOCL- GUJARAT REFINERY has performed the Activity â€œ Drawing competitions-Display of LiFe logo-Energy Conservation-â€ under â€œLifestyle for the Environment (LiFe)â€ has completed in Gujarat Refinery on 26.02.2023 at Gujarat Refinery Township â€œ Spandan Hallâ€
143,LiFEStyles Adopted,Plant trees to reduce the impact of pollution,NSS unit of GD Goenka University organized the â€œSave Trees Save Earthâ€ tree plantation activity
144,LiFEStyles Adopted,Plant trees to reduce the impact of pollution,NSS unit of GD Goenka University organized the â€œSave Trees Save Earthâ€ tree plantation activity
145,LiFEStyles Adopted,Plant trees to reduce the impact of pollution,NSS unit MAM college of Jammu conducted a Plantation Drive in the college 
150,LiFEStyles Adopted,Initiate and/or join green clubs in your residential area/ school/ office,HPCL organised â€œKnowledge Sharing Workshop on Petroleum Refineries under the aegis of PNGRB. The participants were made aware of # Mission LiFE â€“ Lifestyle for Environment wherein the participants pledged to make any possible changes in their lifestyles to protect the environment and to inform others of the importance of environment friendly practices.
163,LiFEStyles Adopted,Initiate and/or join green clubs in your residential area/ school/ office,HPCL disseminated awareness in general public through its official handles in social media platforms.
303,Single-Use Plastic Reduced,Use cloth bag for shopping instead of plastic bags,"Digital campaign on the Embassy Social Media handles: Facebook, Instagram and Twitter"
295,Single-Use Plastic Reduced,Carry your own water bottle wherever possible,the state of Haryana has banned the use of pet bottles in the all the  Government offices and being complied with.
34,Single-Use Plastic Reduced,Use cloth bag for shopping instead of plastic bags,"Replaced disposable glasses/cups with steel bottles and Disposable cutlery in the Guest House are replaced with ceramic cutlery by ICFRE-IWST, Bengaluru."
495,Single-Use Plastic Reduced,Use cloth bag for shopping instead of plastic bags,à¤µà¥€à¤°à¤¬à¤¾à¤²à¤¾ à¤•à¤¾à¤²à¥€ à¤¬à¤¾à¤ˆ à¤°à¤¾à¤œà¤•à¥€à¤¯ à¤•à¤¨à¥à¤¯à¤¾ à¤®à¤¹à¤¾à¤µà¤¿à¤¦à¥à¤¯à¤¾à¤²à¤¯ à¤¡à¥‚à¤‚à¤—à¤°à¤ªà¥à¤° à¤®à¥‡à¤‚ à¤ªà¤°à¥à¤¯à¤¾à¤µà¤°à¤£ à¤¦à¤¿à¤µà¤¸ à¤ªà¤° â€œà¤ªà¤²à¤¾à¤¸à¥à¤Ÿà¤¿à¤• à¤ªà¥à¤°à¤¦à¥‚à¤·à¤£ à¤•à¤¾ à¤¸à¤®à¤¾à¤§à¤¾à¤¨â€ à¤¥à¥€à¤® à¤ªà¤° à¤µà¥€à¤°à¤¬à¤¾à¤²à¤¾ à¤•à¤¾à¤²à¥€ à¤¬à¤¾à¤ˆ à¤°à¤¾à¤œà¤•à¥€à¤¯ à¤•à¤¨à¥à¤¯à¤¾ à¤®à¤¹à¤¾à¤µà¤¿à¤¦à¥à¤¯à¤¾à¤²à¤¯ à¤¡à¥‚à¤‚à¤—à¤°à¤ªà¥à¤° à¤•à¥‡ à¤ªà¥à¤°à¤¾à¤šà¤¾à¤°à¥à¤¯ à¤¡à¥‰. à¤ªà¤¨à¥à¤¨à¤¾ à¤²à¤¾à¤² à¤•à¤Ÿà¤¾à¤°à¤¾ à¤¨à¥‡ à¤›à¤¾à¤¤à¥à¤°à¤¾à¤“à¤‚ à¤•à¥‹ à¤¸à¤‚à¤¬à¥‹à¤§à¤¿à¤¤ à¤•à¤¿à¤¯à¤¾à¥¤ à¤à¤¨à¤à¤¸à¤à¤¸ à¤ªà¥à¤°à¤­à¤¾à¤°à¥€ à¤°à¤¾à¤œà¥‡à¤‚à¤¦à¥à¤° à¤°à¥‡à¤¬à¤¾à¤°à¥€ à¤¦à¥à¤µà¤¾à¤°à¤¾ à¤›à¤¾à¤¤à¥à¤°à¤¾à¤“à¤‚ à¤•à¥‹ à¤ªà¤°à¥à¤¯à¤¾à¤µà¤°à¤£ à¤•à¥‡ à¤²à¤¿à¤ à¤œà¥€à¤µà¤¨ à¤•à¥‡ à¤…à¤‚à¤¤à¤°à¥à¤—à¤¤ 7 à¤¶à¥à¤°à¥‡à¤£à¤¿à¤¯à¥‹à¤‚ à¤®à¥‡à¤‚ 75 à¤—à¤¤à¤¿à¤µà¤¿à¤§à¤¿à¤¯à¥‹à¤‚ à¤•à¥€ à¤œà¤¾à¤¨à¤•à¤¾à¤°à¥€ à¤¦à¥€à¥¤ à¤ªà¤•à¥à¤·à¤¿à¤¯à¥‹à¤‚ à¤•à¥‡ à¤ªà¤¾à¤¨à¥€ à¤ªà¥€à¤¨à¥‡ à¤•à¥‡ à¤²à¤¿à¤ à¤ªà¤°à¤¿à¤‚à¤¡à¥‡ à¤¬à¤¾à¤‚à¤§à¥‡à¥¤ à¤•à¤¾à¤°à¥à¤¯à¤•à¥à¤°à¤® à¤•à¥‡ à¤…à¤‚à¤¤ à¤®à¥‡à¤‚ à¤›à¤¾à¤¤à¥à¤°à¥‹à¤‚ à¤¦à¥à¤µà¤¾à¤°à¤¾ à¤ªà¤°à¥à¤¯à¤¾à¤µà¤°à¤£ à¤•à¥‡ à¤²à¤¿à¤ à¤¸à¥à¤°à¤•à¥à¤·à¤¾ à¤à¤µà¤‚ à¤ªà¤°à¥à¤¯à¤¾à¤µà¤°à¤£ à¤•à¥‡ à¤²à¤¿à¤ à¤œà¥€à¤µà¤¨ à¤¶à¥ˆà¤²à¥€ à¤•à¥€ à¤¶à¤ªà¤¥ à¤²à¥€à¥¤
496,Single-Use Plastic Reduced,Use cloth bag for shopping instead of plastic bags,à¤µà¥€à¤°à¤¬à¤¾à¤²à¤¾ à¤•à¤¾à¤²à¥€ à¤¬à¤¾à¤ˆ à¤°à¤¾à¤œà¤•à¥€à¤¯ à¤•à¤¨à¥à¤¯à¤¾ à¤®à¤¹à¤¾à¤µà¤¿à¤¦à¥à¤¯à¤¾à¤²à¤¯ à¤¡à¥‚à¤‚à¤—à¤°à¤ªà¥à¤° à¤®à¥‡à¤‚ à¤ªà¤°à¥à¤¯à¤¾à¤µà¤°à¤£ à¤¦à¤¿à¤µà¤¸ à¤ªà¤° â€œà¤ªà¤²à¤¾à¤¸à¥à¤Ÿà¤¿à¤• à¤ªà¥à¤°à¤¦à¥‚à¤·à¤£ à¤•à¤¾ à¤¸à¤®à¤¾à¤§à¤¾à¤¨â€ à¤¥à¥€à¤® à¤ªà¤° à¤µà¥€à¤°à¤¬à¤¾à¤²à¤¾ à¤•à¤¾à¤²à¥€ à¤¬à¤¾à¤ˆ à¤°à¤¾à¤œà¤•à¥€à¤¯ à¤•à¤¨à¥à¤¯à¤¾ à¤®à¤¹à¤¾à¤µà¤¿à¤¦à¥à¤¯à¤¾à¤²à¤¯ à¤¡à¥‚à¤‚à¤—à¤°à¤ªà¥à¤° à¤•à¥‡ à¤ªà¥à¤°à¤¾à¤šà¤¾à¤°à¥à¤¯ à¤¡à¥‰. à¤ªà¤¨à¥à¤¨à¤¾ à¤²à¤¾à¤² à¤•à¤Ÿà¤¾à¤°à¤¾ à¤¨à¥‡ à¤›à¤¾à¤¤à¥à¤°à¤¾à¤“à¤‚ à¤•à¥‹ à¤¸à¤‚à¤¬à¥‹à¤§à¤¿à¤¤ à¤•à¤¿à¤¯à¤¾à¥¤ à¤à¤¨à¤à¤¸à¤à¤¸ à¤ªà¥à¤°à¤­à¤¾à¤°à¥€ à¤°à¤¾à¤œà¥‡à¤‚à¤¦à¥à¤° à¤°à¥‡à¤¬à¤¾à¤°à¥€ à¤¦à¥à¤µà¤¾à¤°à¤¾ à¤›à¤¾à¤¤à¥à¤°à¤¾à¤“à¤‚ à¤•à¥‹ à¤ªà¤°à¥à¤¯à¤¾à¤µà¤°à¤£ à¤•à¥‡ à¤²à¤¿à¤ à¤œà¥€à¤µà¤¨ à¤•à¥‡ à¤…à¤‚à¤¤à¤°à¥à¤—à¤¤ 7 à¤¶à¥à¤°à¥‡à¤£à¤¿à¤¯à¥‹à¤‚ à¤®à¥‡à¤‚ 75 à¤—à¤¤à¤¿à¤µà¤¿à¤§à¤¿à¤¯à¥‹à¤‚ à¤•à¥€ à¤œà¤¾à¤¨à¤•à¤¾à¤°à¥€ à¤¦à¥€à¥¤ à¤ªà¤•à¥à¤·à¤¿à¤¯à¥‹à¤‚ à¤•à¥‡ à¤ªà¤¾à¤¨à¥€ à¤ªà¥€à¤¨à¥‡ à¤•à¥‡ à¤²à¤¿à¤ à¤ªà¤°à¤¿à¤‚à¤¡à¥‡ à¤¬à¤¾à¤‚à¤§à¥‡à¥¤ à¤•à¤¾à¤°à¥à¤¯à¤•à¥à¤°à¤® à¤•à¥‡ à¤…à¤‚à¤¤ à¤®à¥‡à¤‚ à¤›à¤¾à¤¤à¥à¤°à¥‹à¤‚ à¤¦à¥à¤µà¤¾à¤°à¤¾ à¤ªà¤°à¥à¤¯à¤¾à¤µà¤°à¤£ à¤•à¥‡ à¤²à¤¿à¤ à¤¸à¥à¤°à¤•à¥à¤·à¤¾ à¤à¤µà¤‚ à¤ªà¤°à¥à¤¯à¤¾à¤µà¤°à¤£ à¤•à¥‡ à¤²à¤¿à¤ à¤œà¥€à¤µà¤¨ à¤¶à¥ˆà¤²à¥€ à¤•à¥€ à¤¶à¤ªà¤¥ à¤²à¥€à¥¤
287,Single-Use Plastic Reduced,Use cloth bag for shopping instead of plastic bags,Cleaned the surroundings planted trees.
146,Single-Use Plastic Reduced,Reuse glass containers/ packaging plastic items as storage boxes,"NSS Unit of Ramanujan College organized a session on the importance of reducing, reusing and recycling plastic waste"
347,Single-Use Plastic Reduced,Use cloth bag for shopping instead of plastic bags,"IOCL Paradip Refinery Estate Office has installed â€˜Cloth bag vending machineâ€™ in front of Fruit shop in market complex, where user can dispense cloth bag at a nominal cost of Rs 10.  This will help in reducing consumption of single use plastic & plastic waste generated. Cloth bag will be dispensed by payment through cash, coins & scanning QR code also."
54,Single-Use Plastic Reduced,Use cloth bag for shopping instead of plastic bags,"HFRI organized an event on theme ""Single Use Plastic Reduced"" at Jawahar Navodaya Vidyalaya, Kothipura, Bilaspur, HP on 15th February, 2023. "
353,Single-Use Plastic Reduced,Use menstrual cups instead of sanitary napkins,test the flow
519,Single-Use Plastic Reduced,Prefer using non-plastic eco-friendly cutlery during gatherings and events,Talk and presentations on the SDGs to be organized in collaboration with Local sustainable focused groups.
202,Single-Use Plastic Reduced,Use cloth bag for shopping instead of plastic bags,BPCL Retail Outlets (Southern Region) - January-2023.
83,Single-Use Plastic Reduced,Use cloth bag for shopping instead of plastic bags,"Nukkad natak  conducted at COCO Vytilla,Ernakulam in order to educate customers at retail outlet regarding use of single use plastic."
548,Single-Use Plastic Reduced,Participate in and mobilize participation for clean-up drives of cities and water bodies,"IOCL Paradip Refinery organised an event of â€œPloggingâ€ primarily of the plastic wastes at Mahanadi River Estuary, Paradip, Odisha for conserving the beaches and water bodies. A good span of the beach area was cleaned during the event and trash collected was sent for disposal through authorised recyclers and Paradip Municipality. After the Plogging event, a tree plantation drive of native species was also carried out in the adjoining coastal area."
124,Single-Use Plastic Reduced,Use cloth bag for shopping instead of plastic bags,#SayNoToSUP
92,Single-Use Plastic Reduced,Use cloth bag for shopping instead of plastic bags,#SayNoToPlasticCarryBags
219,Single-Use Plastic Reduced,"Use recycled plastic over virgin plastic, wherever possible",BPCL Retail Outlets (Eastern Region) - February-2023.
252,Single-Use Plastic Reduced,"Use recycled plastic over virgin plastic, wherever possible",BPCL is registered as Brand Owner with Central Pollution Control Board (CPCB) under Plastic waste management rule for EPR. BPCL has collected and processed approx. 350 Metric Tonne of plastic waste in the month of February-2023 under EPR. 
238,Single-Use Plastic Reduced,"Use recycled plastic over virgin plastic, wherever possible",BPCL Retail Outlets (Western Region) - February-2023.
129,Single-Use Plastic Reduced,Prefer using non-plastic eco-friendly cutlery during gatherings and events,#SayNoToSUP
183,Single-Use Plastic Reduced,Use cloth bag for shopping instead of plastic bags,40 no. of Jute bags were distributed among village people in karnawas panchayat area by officers of IOCL Rewari Terminal. 
182,Single-Use Plastic Reduced,Use cloth bag for shopping instead of plastic bags,40 no. of Jute bags were distributed among village people in karnawas panchayat area by officers of IOCL Rewari Terminal. 
251,Single-Use Plastic Reduced,"Use recycled plastic over virgin plastic, wherever possible",BPCL is registered as Brand Owner with Central Pollution Control Board (CPCB) under Plastic waste management rule for EPR. BPCL has collected and processed approx. 400 Metric Tonne of plastic waste in the month of January-2023 under EPR. 
349,Sustainable Food Systems Adopted,Create kitchen gardens/ terrace gardens at homes/ schools/ offices,test test test test test 
516,Sustainable Food Systems Adopted,Compost food waste at home,Healthy Lifestyle â€“ To practice an efficient waste management at home by properly segregating kitchen waste. #MissionLiFE
296,Sustainable Food Systems Adopted,"Include millets in diets through Anganwadi, Mid-Day meal and PD scheme","Digital campaign on the Embassy Social Media handles: Facebook, Instagram and Twitter"
387,Waste Reduced (Swachhata Actions),"Repair, reuse and recycle old furniture","Presentation on â€œSustainable living choices â€“ How individuals can respond to the climate challenge"" made by Ms Lubomira Kolcheva - Director of the Bulgarian Environmental Partnership Foundation. "
390,Waste Reduced (Swachhata Actions),Start biodiversity conservation at community level,The Embassy organized a cleanliness drive as part of ongoing #missionlife campaign. 
342,Waste Reduced (Swachhata Actions),Do not discard waste in water bodies and in public spaces,"Culmination of Navratris is observed with immersion of holy Sakh in running water as a sign of devotion to Goddess. This is popularly known as â€œSakh Visarjanâ€ and is traditionally done on Ashtami and Navmi or the last two days of Navratris. Visarjan of Sakh in holy Rivers / Canals, is thus, a popular event during the last two days of Navratris. During Sakh Visarjan, thousands of devotees throng Rivers to immerse the holy sakh along with every other Puja item, viz., chunri, havan samagri, flowers, old pictures and idols of gods / goddesses etc., lying with them since long."
179,Waste Reduced (Swachhata Actions),Practice segregation of dry and wet waste at homes,"Workshop cum Quiz was conducted at Paradip Refinery Township on the topic â€œWaste Management, Water Conservation and Energy Conservationâ€. Township ladies and children participated in this workshop. Lectures were given by professionals in the above mentioned fields. Various topics were covered on waste management techniques, water and energy conservation. Quiz was conducted on these topics ans prizes were distributed. Bio composting methods were demonstrated with demo models, which can be implemented at home for effective composting."
411,Waste Reduced (Swachhata Actions),"Contribute cattle waste, food waste, and agricultural waste to biogas plant (provided under GOBARDHAN)",Post Event Report of Proposed Outreach Activities by NRCD for Mass Mobilization for Mission LiFE 
178,Waste Reduced (Swachhata Actions),Set printer default to double-side printing,Mathura Refinery set printer default setting of employees to double side so that extra waste paper generation can be reduced. Using of single side print will be done in case of extreme requirement by changing indivisual setting 
177,Waste Reduced (Swachhata Actions),Set printer default to double-side printing,Mathura Refinery set printer default setting of employees to double side so that extra waste paper generation can be reduced. Using of single side print will be done in case of extreme requirement by changing indivisual setting 
51,Waste Reduced (Swachhata Actions),"Contribute cattle waste, food waste, and agricultural waste to biogas plant (provided under GOBARDHAN)","Lecture on convert plants residue to compost By Shri R. K. Gupta, CTO, AFRI, Jodhpur"
513,Waste Reduced (Swachhata Actions),"Repair, reuse and recycle old furniture","As a part of World environment day 2023 and Mission LiFE program, awareness programme was organized at Indane bottling plant, Cochin - Nadaakkavu Po. On 5th and 6th of June,2023.  The programme was conducted with a theme â€œSolution to Plastic Pollutionâ€ with an aim of promoting reduce, reuse and recycle. Programme was inaugurated by Plant Manger Smt. Remya Kenguva, DGM(Plant). After that importance of Environment, theme of WED-2023 and Mission LiFE were briefed to the gathering by Plant Manager. DSO Mr. Sreejith  K administered pledge to all the people.  As  a part of the program Sapling was also planted. Sapling and seed balls distributed to all who gathered. More than 150 saplings were distributed in the event. "
515,Waste Reduced (Swachhata Actions),"Recycle and reuse old newspapers, magazines",Letâ€™s protect our Environment! Follow #MissionLiFE - Recycle and re-use paper scraps.
512,Waste Reduced (Swachhata Actions),"Repair, reuse and recycle old furniture","As a part of World environment day 2023 and Mission LiFE program, awareness programme was organized at Indane bottling plant, Cochin - Nadaakkavu Po. On 5th and 6th of June,2023.  The programme was conducted with a theme â€œSolution to Plastic Pollutionâ€ with an aim of promoting reduce, reuse and recycle. Programme was inaugurated by Plant Manger Smt. Remya Kenguva, DGM(Plant). After that importance of Environment, theme of WED-2023 and Mission LiFE were briefed to the gathering by Plant Manager. DSO Mr. Sreejith  K administered pledge to all the people.  As  a part of the program Sapling was also planted. Sapling and seed balls distributed to all who gathered. More than 150 saplings were distributed in the event. "
511,Waste Reduced (Swachhata Actions),"Use agricultural residue, animal waste for composting, manuring and mulching","As a part of World environment day 2023 and Mission LiFE program, awareness programme was organized at Indane bottling plant, Cochin - Nadaakkavu Po. On 5th and 6th of June,2023.  The programme was conducted with a theme â€œSolution to Plastic Pollutionâ€ with an aim of promoting reduce, reuse and recycle. Programme was inaugurated by Plant Manger Smt. Remya Kenguva, DGM(Plant). After that importance of Environment, theme of WED-2023 and Mission LiFE were briefed to the gathering by Plant Manager. Following inauguration pledge was administered to all the people.  As a part of the program Sapling was also planted. As a first time initiative planting was carried out in waste drums.  Sapling and seed balls distribution was arranged, more than 150 saplings were distributed in the event. "
503,Waste Reduced (Swachhata Actions),Do not discard waste in water bodies and in public spaces,"High Commission of India in Victoria, Seychelles conducted a beach cleaning drive with a number of volunteers on the occasion of World Environment Day, 5th June, 2023. The beach selected was Beau Vallon Beach the most popular beach in Seychelles. Pieces of plastic, cups, bottles, cans were collected from the beach and appropriately discarded  by a community of volunteers. "
351,Waste Reduced (Swachhata Actions),"Contribute cattle waste, food waste, and agricultural waste to biogas plant (provided under GOBARDHAN)",test the flow
180,Waste Reduced (Swachhata Actions),Practice segregation of dry and wet waste at homes,"Workshop cum Quiz was conducted at Paradip Refinery Township on the topic â€œWaste Management, Water Conservation and Energy Conservationâ€. Township ladies and children participated in this workshop. Lectures were given by professionals in the above mentioned fields. Various topics were covered on waste management techniques, water and energy conservation. Quiz was conducted on these topics ans prizes were distributed. Bio composting methods were demonstrated with demo models, which can be implemented at home for effective composting."
22,Water Saved,Create rainwater harvesting infrastructure in home/ schools/ offices,"RMNH Mysore, @NMNHIndia - @moefcc organised Green Talk/interaction on #Mission LiFE - Lifestyle for Environment on 09th March 2023 in which 153 students and general public participated #ChooseLiFE #ProPlanetPeople"
19,Water Saved,Use buckets instead of hose pipes to water plants/ floors/ vehicles,"RMNH Mysore, @NMNHIndia- @moefcc organised Green Talk/interaction on #Mission LiFE - Lifestyle for Environment on 12th March 2023 in which 248 students and general public participated #ChooseLiFE #ProPlanetPeople"
23,Water Saved,Adopt cultivation of less water intensive crops like millets,"RMNH Mysore, NMNH - MoEFCC organised Green Talk/interaction on #Mission LiFE - #Lifestyle for Environment# on 08th March 2023 in which 216 students and general public participated #ChooseLiFE"
142,Water Saved,Use buckets instead of hose pipes to water plants/ floors/ vehicles,"RMNH, Bhopal- @NMNHIndia @moefcc organised Green Pledge, Green Talk, Video Presentation through Kiosk and Signature Campaign to create Awareness on LiFE: Lifestyle For Environment under #LiFEMission on 23rd March, 2023 #ChooseLiFE #ProPlanetPeople"
137,Water Saved,Create rainwater harvesting infrastructure in home/ schools/ offices,"RMNH, Bhopal- @NMNHIndia @moefcc organised Green Pledge, Green Talk, Video Presentation through Kiosk and Signature Campaign to create Awareness on LiFE: Lifestyle For Environment under #LiFEMission on 22nd March, 2023 #ChooseLiFE #ProPlanetPeople"
374,Water Saved,Reuse water from washed vegetables to water plants and other purpose,à¤¹à¤®à¤¾à¤°à¥€ à¤¨à¤¦à¤¿à¤¯à¥‹à¤‚ à¤”à¤° à¤ªà¥à¤°à¤¾à¤•à¥ƒà¤¤à¤¿à¤• à¤œà¤² à¤¸à¥à¤°à¥‹à¤¤à¥‹à¤‚ à¤•à¥‡ à¤¸à¤‚à¤°à¤•à¥à¤·à¤£ à¤”à¤° à¤¸à¤«à¤¾à¤ˆ à¤•à¥‡ à¤²à¤¿à¤ à¤œà¤¨ à¤œà¤¾à¤—à¤°à¥‚à¤•à¤¤à¤¾ à¤”à¤° à¤¸à¤¾à¤°à¥à¤µà¤œà¤¨à¤¿à¤• à¤­à¤¾à¤—à¥€à¤¦à¤¾à¤°à¥€ à¤•à¥‡ à¤²à¤¿à¤ à¤à¤¨à¤†à¤°à¤¸à¥€à¤¡à¥€ à¤¦à¥à¤µà¤¾à¤°à¤¾ à¤ªà¥à¤°à¤¸à¥à¤¤à¤¾à¤µà¤¿à¤¤ à¤†à¤‰à¤Ÿà¤°à¥€à¤š à¤—à¤¤à¤¿à¤µà¤¿à¤§à¤¿à¤¯à¥‹à¤‚ à¤¸à¥‡ à¤¸à¤‚à¤¬à¤‚à¤§à¤¿à¤¤ à¤•à¤¾à¤°à¥à¤¯à¤•à¥à¤°à¤® à¤•à¥€ à¤°à¤¿à¤ªà¥‹à¤°à¥à¤Ÿ
39,Water Saved,"Use efficient water saving technologies (like micro-irrigation, bunding, farm ponds, zero tillage, direct seeded rice, alternate wetting and drying and others)","RMNH, Bhopal- NMNH, New Delhi- MoEF&CC organised Green Talk,Green Pledge, Video Presentation through Kiosk and Signature Campaign to create Awareness on LiFE: Lifestyle For Environment under #LiFEMission  on 14th March, 2023 for 185 beneficiaries."
21,Water Saved,Create rainwater harvesting infrastructure in home/ schools/ offices,"RMNH Mysore, @NMNHIndia - @moefcc organised Green Talk/interaction on #Mission LiFE - Lifestyle for Environment on 10th March 2023 in which 112 students and general public participated #ChooseLiFE #ProPlanetPeople"
20,Water Saved,Reuse water from washed vegetables to water plants and other purpose,"RMNH Mysore, @NMNHIndia - @moefcc organised Green Talk/interaction on #Mission LiFE - Lifestyle for Environment on 11th March 2023 in which 182 students and general public participated #ChooseLiFE #ProPlanetPeople"
147,Water Saved,Reuse water from washed vegetables to water plants and other purpose,Water is essential! Save it now.
138,Water Saved,"Fix leaks in flushes, taps and waterpipes",#à¤ªà¤¾à¤¨à¥€à¤¬à¤šà¤¾à¤à¤‚ 
132,Water Saved,"Use water-efficient fixtures for taps, and showerheads, and toilet flush units",#SaveWater 
119,Water Saved,"Fix leaks in flushes, taps and waterpipes",#SaveWater 
18,Water Saved,Adopt cultivation of less water intensive crops like millets,kjhure
333,Water Saved,Reuse water from washed vegetables to water plants and other purpose,"RMNH, Bhopal- @NMNHIndia @moefcc organised Green Talk, Video Presentation through Kiosk and Signature Campaign to create Awareness on LiFE: Lifestyle For Environment under #LiFEMission on 4th April, 2023 #ChooseLiFE #ProPlanetPeople"
348,Water Saved,Practice crop diversification. Move from rice & wheat cultivation to pulse & oil seed cropping system.,GTSEt GTSEt GTSEt GTSEt GTSEt GTSEt GTSEt GTSEt GTSEt GTSEt GTSEt GTSEt GTSEt GTSEt 
273,Water Saved,"Fix leaks in flushes, taps and waterpipes","IOCL- DIGBOI REFINERY has put up the display of LiFE standee on various themes of Save Water at different locations of refinery installations ( Refinery Main Gate, Bazar Gate,CPP Building Entrance,Technical Building,Admin Ofice ( HR Building, Entrance Gate), ETP,NTF) and township (Hospital, Guest House, Clubs). Then  IOCL- DIGBOI REFINERY has senstize the working personnel around this places regarding the concept of Mission LiFE . Total 10 Numbers of standees on five different themes on Save Water has been displayed."
57,Water Saved,"Use water-efficient fixtures for taps, and showerheads, and toilet flush units","RMNH, Bhopal- NMNH, New Delhi- MoEF&CC organised Green Talk, Green Pledge, Video Presentation through Kiosk and Signature Campaign to create Awareness on LiFE: Lifestyle For Environment under #LiFEMission  on 16th March, 2023 for 180  beneficiaries."
270,Water Saved,"Use efficient water saving technologies (like micro-irrigation, bunding, farm ponds, zero tillage, direct seeded rice, alternate wetting and drying and others)","BPCL developed creatives on seven themes of Mission LiFE. These creatives were posted on social media such as Twitter, Facebook, Linkedin, Instagram & Koo, which received huge response through likes, comments & shares."
166,Water Saved,"Reuse water drained out from AC/RO for cleaning utensils, watering plants and others","RMNH, Bhopal- @NMNHIndia @moefcc organised Green Talk, Video Presentation through Kiosk and Signature Campaign to create Awareness on LiFE: Lifestyle For Environment under #LiFEMission on 24th March, 2023 #ChooseLiFE #ProPlanetPeople"
167,Water Saved,Reuse water from washed vegetables to water plants and other purpose,"RMNH, Bhopal- @NMNHIndia @moefcc organised Green Talk, Video Presentation through Kiosk and Signature Campaign to create Awareness on LiFE: Lifestyle For Environment under #LiFEMission on 25th March, 2023 #ChooseLiFE #ProPlanetPeople"
168,Water Saved,Reuse water from washed vegetables to water plants and other purpose,"RMNH, Bhopal- @NMNHIndia @moefcc organised Green Talk, Video Presentation through Kiosk and Signature Campaign to create Awareness on LiFE: Lifestyle For Environment under #LiFEMission on 25th March, 2023 #ChooseLiFE #ProPlanetPeople"
243,Water Saved,"Fix leaks in flushes, taps and waterpipes","Banners on saving water was p1aced at 20 Retail Outlets under Coimbatore DO, IOCL. The customers were given phamplets and sensitised on saving water."
233,Water Saved,"Use water-efficient fixtures for taps, and showerheads, and toilet flush units",BPCL Retail Outlets (Southern Region) - February-2023.
66,Water Saved,Participate in recharge of rural water bodies through Amrit Sarovar Scheme,"RMNH, Bhopal- NMNH, New Delhi- MoEF&CC organised Green Pledge, Green Talk, Video Presentation through Kiosk and Signature Campaign to create Awareness on LiFE: Lifestyle For Environment under #LiFEMission on 17th March, 2023 for (62 In service teachers from Institute of Advanced Study in Education, Bhopal and 210 general visitors of museum) 272 beneficiaries."
169,Water Saved,Create rainwater harvesting infrastructure in home/ schools/ offices,"RMNH, Bhopal- @NMNHIndia @moefcc organised Green Talk, Video Presentation through Kiosk and Signature Campaign to create Awareness on LiFE: Lifestyle For Environment under #LiFEMission on 26th March, 2023 #ChooseLiFE #ProPlanetPeople"
80,Water Saved,Create rainwater harvesting infrastructure in home/ schools/ offices,"RMNH, Bhopal- NMNH, New Delhi- MoEF&CC organised Green Pledge, Green Talk, Video Presentation through Kiosk and Signature Campaign to create Awareness on LiFE: Lifestyle For Environment under #LiFEMission on 18th March, 2023 for (140 Students of Siddharth Excellence School, Bhopal and 364 general visitors of museum) 504 beneficiaries."
85,Water Saved,Participate in recharge of rural water bodies through Amrit Sarovar Scheme,"RMNH, Bhopal- NMNH, New Delhi- MoEF&CC organised Green Pledge, Green Talk, Video Presentation through Kiosk and Signature Campaign to create Awareness on LiFE: Lifestyle For Environment under #LiFEMission on 19th March, 2023 for 230 beneficiaries."
188,Water Saved,Adopt cultivation of less water intensive crops like millets,BPCL Retail Outlets (Eastern Region) - January-2023.
91,Water Saved,Adopt cultivation of less water intensive crops like millets,"RMNH, Bhopal- @NMNHIndia @moefcc organised Green Pledge, Green Talk, Video Presentation through Kiosk and Signature Campaign to create Awareness on LiFE: Lifestyle For Environment under #LiFEMission on 21st March, 2023 #ChooseLiFE #ProPlanetPeople"
185,Water Saved,Adopt cultivation of less water intensive crops like millets,"RMNH, Bhopal- @NMNHIndia @moefcc organised Green Pledge, Green Talk, Video Presentation through Kiosk and Signature Campaign to create Awareness on LiFE: Lifestyle For Environment under #LiFEMission on 28th March, 2023 #ChooseLiFE #ProPlanetPeople"
55,Water Saved,"Use water-efficient fixtures for taps, and showerheads, and toilet flush units",Taps with Water Saver Nozzle were replaced to save water in admin block of IWST
47,Water Saved,Create rainwater harvesting infrastructure in home/ schools/ offices,"RMNH, Bhopal- NMNH, New Delhi- MoEF&CC organised Green Talk,Green Pledge, Video Presentation through Kiosk and Signature Campaign to create Awareness on LiFE: Lifestyle For Environment under #LiFEMission  on 15th March, 2023 for 225 beneficiaries."
288,Water Saved,Use buckets instead of hose pipes to water plants/ floors/ vehicles,"RMNH, Bhopal- @NMNHIndia @moefcc organised Green Pledge, Green Talk, Video Presentation through Kiosk and Signature Campaign to create Awareness on LiFE: Lifestyle For Environment under #LiFEMission on 30th March, 2023 #ChooseLiFE #ProPlanetPeople"
290,Water Saved,Create rainwater harvesting infrastructure in home/ schools/ offices,"RMNH, Bhopal- @NMNHIndia @moefcc organised Green Talk, Video Presentation through Kiosk and Signature Campaign to create Awareness on LiFE: Lifestyle For Environment under #LiFEMission on 05th April, 2023 #ChooseLiFE #ProPlanetPeople"
341,Water Saved,Create rainwater harvesting infrastructure in home/ schools/ offices,"RMNH, Bhopal- @NMNHIndia @moefcc organised Green Pledge, Green Talk, Video Presentation through Kiosk and Signature Campaign to create Awareness on LiFE: Lifestyle For Environment under #LiFEMission on 16th April, 2023. #ChooseLiFE #ProPlanetPeople"
340,Water Saved,Prefer a water purification system that wastes less water,"RMNH, Bhopal- @NMNHIndia @moefcc organised Green Pledge, Green Talk, Video Presentation through Kiosk and Signature Campaign to create Awareness on LiFE: Lifestyle For Environment under #LiFEMission on 15th April, 2023. #ChooseLiFE #ProPlanetPeople"
339,Water Saved,"Reuse water drained out from AC/RO for cleaning utensils, watering plants and others","RMNH, Bhopal- @NMNHIndia @moefcc organised Green Talk, Video Presentation through Kiosk and Signature Campaign to create Awareness on LiFE: Lifestyle For Environment under #LiFEMission on 14th April, 2023. #ChooseLiFE #ProPlanetPeople"
338,Water Saved,Invest in a water meter for your house to measure water consumption regularly,"RMNH, Bhopal- @NMNHIndia @moefcc organised Green Talk, Video Presentation through Kiosk and Signature Campaign to create Awareness on LiFE: Lifestyle For Environment under #LiFEMission on 13th April, 2023. #ChooseLiFE #ProPlanetPeople"
337,Water Saved,"Use water-efficient fixtures for taps, and showerheads, and toilet flush units","RMNH, Bhopal- @NMNHIndia @moefcc organised Green Talk, Video Presentation through Kiosk and Signature Campaign to create Awareness on LiFE: Lifestyle For Environment under #LiFEMission on 12th April, 2023 #ChooseLiFE #ProPlanetPeople"
336,Water Saved,"Fix leaks in flushes, taps and waterpipes","RMNH, Bhopal- @NMNHIndia @moefcc organised Green Talk, Green pledge, Video Presentation through Kiosk and Signature Campaign to create Awareness on LiFE: Lifestyle For Environment under #LiFEMission on 11th April, 2023 #ChooseLiFE #ProPlanetPeople"
335,Water Saved,Use buckets instead of hose pipes to water plants/ floors/ vehicles,"RMNH, Bhopal- @NMNHIndia @moefcc organised Green Talk, Video Presentation through Kiosk and Signature Campaign to create Awareness on LiFE: Lifestyle For Environment under #LiFEMission on 09th April, 2023. #ChooseLiFE #ProPlanetPeople"
334,Water Saved,Do not discard unused stored water every time there is fresh water coming in taps,"RMNH, Bhopal- @NMNHIndia @moefcc organised Green Pledge, Green Talk, Video Presentation through Kiosk and Signature Campaign to create Awareness on LiFE: Lifestyle For Environment under #LiFEMission on 08th April, 2023. #ChooseLiFE #ProPlanetPeople"
332,Water Saved,Reuse water from washed vegetables to water plants and other purpose,"RMNH, Bhopal- @NMNHIndia @moefcc organised Green Pledge, Green Talk, Video Presentation through Kiosk and Signature Campaign to create Awareness on LiFE: Lifestyle For Environment under #LiFEMission on 02nd April, 2023 #ChooseLiFE #ProPlanetPeople"
331,Water Saved,Create rainwater harvesting infrastructure in home/ schools/ offices,"RMNH, Bhopal- @NMNHIndia @moefcc organised Green Pledge, Green Talk, Video Presentation through Kiosk and Signature Campaign to create Awareness on LiFE: Lifestyle For Environment under #LiFEMission on 01st April, 2023 #ChooseLiFE #ProPlanetPeople"
310,Water Saved,Create rainwater harvesting infrastructure in home/ schools/ offices,"Digital campaign on the Embassy Social Media handles: Facebook, Instagram and Twitter"
294,Water Saved,Pre-soak heavy pots and pans before washing them,Poster displayed and awareness created on Pre-soak heavy pots and pans before washing them among the canteen employees.
53,Water Saved,Adopt cultivation of less water intensive crops like millets,"HFRI organized an event on MissonLiFE theme ""Rainwater Harvesting"" at Kendriya Vidyalaya, Ghumarwin, Bilaspur, HP on 6th February, 2023."
292,Water Saved,Pre-soak heavy pots and pans before washing them,"RMNH, Bhopal- @NMNHIndia @moefcc organised Green Pledge, Green Talk, Video Presentation through Kiosk and Signature Campaign to create Awareness on LiFE: Lifestyle For Environment under #LiFEMission on 07th April, 2023. #ChooseLiFE #ProPlanetPeople"
291,Water Saved,Reuse water from washed vegetables to water plants and other purpose,"RMNH, Bhopal- @NMNHIndia @moefcc organised Green Talk, Video Presentation through Kiosk and Signature Campaign to create Awareness on LiFE: Lifestyle For Environment under #LiFEMission on 06th April, 2023. #ChooseLiFE #ProPlanetPeople"
289,Water Saved,Reuse water from washed vegetables to water plants and other purpose,"RMNH, Bhopal- @NMNHIndia @moefcc organised Green Green Talk, Video Presentation through Kiosk and Signature Campaign to create Awareness on LiFE: Lifestyle For Environment under #LiFEMission on 31st March, 2023 #ChooseLiFE #ProPlanetPeople"
286,Water Saved,Do not discard unused stored water every time there is fresh water coming in taps,"RMNH, Bhopal- @NMNHIndia @moefcc organised Green Talk, Video Presentation through Kiosk and Signature Campaign to create Awareness on LiFE: Lifestyle For Environment under #LiFEMission on 29th March, 2023 #ChooseLiFE #ProPlanetPeople"
